{"cameraMode":{"drawMode":0,"name":"Shaded","section":"Shading Mode"},"sceneLighting":false,"audioPlay":false,"sceneViewState":{"m_AlwaysRefresh":false,"showFog":true,"showSkybox":true,"showFlares":true,"showImageEffects":true,"showParticleSystems":true,"showVisualEffectGraphs":true,"m_FxEnabled":true},"in2DMode":false,"pivot":{"x":-0.5412230491638184,"y":-10.443733215332032,"z":21.772377014160158},"rotation":{"x":-0.21611593663692475,"y":0.004311257041990757,"z":-0.00015622041246388108,"w":-0.9764781594276428},"size":18.518108367919923,"orthographic":false}