{"cameraMode":{"drawMode":0,"name":"Shaded","section":"Shading Mode"},"sceneLighting":false,"audioPlay":false,"sceneViewState":{"m_AlwaysRefresh":false,"showFog":true,"showSkybox":true,"showFlares":true,"showImageEffects":true,"showParticleSystems":true,"showVisualEffectGraphs":true,"m_FxEnabled":true},"in2DMode":false,"pivot":{"x":-3.4510340690612795,"y":1.182929515838623,"z":0.6787776947021484},"rotation":{"x":0.19198790192604066,"y":0.06029842048883438,"z":-0.016407424584031106,"w":0.9796309471130371},"size":9.042680740356446,"orthographic":false}