{"cameraMode":{"drawMode":0,"name":"Shaded","section":"Shading Mode"},"sceneLighting":false,"audioPlay":false,"sceneViewState":{"m_AlwaysRefresh":false,"showFog":true,"showSkybox":true,"showFlares":true,"showImageEffects":true,"showParticleSystems":true,"showVisualEffectGraphs":true,"m_FxEnabled":true},"in2DMode":false,"pivot":{"x":-159.84024047851563,"y":126.41891479492188,"z":-9.998321533203125},"rotation":{"x":0.19638562202453614,"y":0.07816267013549805,"z":-0.015706850215792657,"w":0.9772821664810181},"size":59.85136413574219,"orthographic":false}