{"cameraMode":{"drawMode":0,"name":"Shaded","section":"Shading Mode"},"sceneLighting":false,"audioPlay":false,"sceneViewState":{"m_AlwaysRefresh":false,"showFog":true,"showSkybox":true,"showFlares":true,"showImageEffects":true,"showParticleSystems":true,"showVisualEffectGraphs":true,"m_FxEnabled":true},"in2DMode":false,"pivot":{"x":247.09902954101563,"y":369.46820068359377,"z":85.52975463867188},"rotation":{"x":0.11557411402463913,"y":0.000498696812428534,"z":-0.0068476395681500439,"w":0.9936078190803528},"size":171.02444458007813,"orthographic":false}