{"cameraMode":{"drawMode":0,"name":"Shaded","section":"Shading Mode"},"sceneLighting":true,"audioPlay":false,"sceneViewState":{"m_AlwaysRefresh":false,"showFog":true,"showSkybox":true,"showFlares":true,"showImageEffects":true,"showParticleSystems":true,"showVisualEffectGraphs":true,"m_FxEnabled":true},"in2DMode":false,"pivot":{"x":438.79986572265627,"y":267.9508361816406,"z":-253.32699584960938},"rotation":{"x":0.19198790192604066,"y":0.06029842048883438,"z":-0.016407424584031106,"w":0.9796309471130371},"size":63.23830032348633,"orthographic":false}