{"cameraMode":{"drawMode":0,"name":"Shaded","section":"Shading Mode"},"sceneLighting":false,"audioPlay":false,"sceneViewState":{"m_AlwaysRefresh":false,"showFog":true,"showSkybox":true,"showFlares":true,"showImageEffects":true,"showParticleSystems":true,"showVisualEffectGraphs":true,"m_FxEnabled":true},"in2DMode":false,"pivot":{"x":13.186044692993164,"y":-54.23556137084961,"z":102.93858337402344},"rotation":{"x":0.2603191137313843,"y":0.07772799581289292,"z":-0.022464441135525705,"w":0.9622952938079834},"size":59.392269134521487,"orthographic":false}