{"cameraMode":{"drawMode":0,"name":"Shaded","section":"Shading Mode"},"sceneLighting":true,"audioPlay":false,"sceneViewState":{"m_AlwaysRefresh":false,"showFog":true,"showSkybox":true,"showFlares":true,"showImageEffects":true,"showParticleSystems":true,"showVisualEffectGraphs":true,"m_FxEnabled":true},"in2DMode":false,"pivot":{"x":-24.992319107055665,"y":-13.535423278808594,"z":-59.94404602050781},"rotation":{"x":0.012210553511977196,"y":-0.9604274034500122,"z":0.2754414677619934,"w":0.041134726256132129},"size":50.32703399658203,"orthographic":false}