{"cameraMode":{"drawMode":0,"name":"Shaded","section":"Shading Mode"},"sceneLighting":true,"audioPlay":false,"sceneViewState":{"m_AlwaysRefresh":false,"showFog":true,"showSkybox":true,"showFlares":true,"showImageEffects":true,"showParticleSystems":true,"showVisualEffectGraphs":true,"m_FxEnabled":true},"in2DMode":false,"pivot":{"x":-1.086371898651123,"y":27.101524353027345,"z":-0.2420654296875},"rotation":{"x":0.3567953109741211,"y":0.0020732684060931207,"z":-0.0014046919532120228,"w":0.9342538118362427},"size":11.888936996459961,"orthographic":false}