{"cameraMode":{"drawMode":0,"name":"Shaded","section":"Shading Mode"},"sceneLighting":false,"audioPlay":false,"sceneViewState":{"m_AlwaysRefresh":false,"showFog":true,"showSkybox":true,"showFlares":true,"showImageEffects":true,"showParticleSystems":true,"showVisualEffectGraphs":true,"m_FxEnabled":true},"in2DMode":false,"pivot":{"x":445.1783447265625,"y":240.6646270751953,"z":-174.76441955566407},"rotation":{"x":-0.18520154058933259,"y":0.01913238875567913,"z":-0.0035861062351614238,"w":-0.9825236201286316},"size":130.51498413085938,"orthographic":false}