{"cameraMode":{"drawMode":0,"name":"Shaded","section":"Shading Mode"},"sceneLighting":false,"audioPlay":false,"sceneViewState":{"m_AlwaysRefresh":false,"showFog":true,"showSkybox":true,"showFlares":true,"showImageEffects":true,"showParticleSystems":true,"showVisualEffectGraphs":true,"m_FxEnabled":true},"in2DMode":false,"pivot":{"x":376.1927185058594,"y":270.6080017089844,"z":-165.73687744140626},"rotation":{"x":-0.18520154058933259,"y":0.01913238875567913,"z":-0.0035861062351614238,"w":-0.9825236201286316},"size":195.82015991210938,"orthographic":false}